[{"model": "dishes.subsidiary", "pk": 1, "fields": {"name": "aqp", "address": "victor lira 111", "serie": "001", "status": true}}, {"model": "dishes.subsidiary", "pk": 2, "fields": {"name": "cusco", "address": "victor lira 111", "serie": "002", "status": true}}, {"model": "dishes.subsidiary", "pk": 3, "fields": {"name": "tacna", "address": "av. lima 1214", "serie": "003", "status": true}}, {"model": "dishes.subsidiary", "pk": 4, "fields": {"name": "lima", "address": "Av. Union 212", "serie": "004", "status": true}}, {"model": "dishes.subsidiary", "pk": 5, "fields": {"name": "chincha", "address": "av. lima 320", "serie": "007", "status": true}}, {"model": "dishes.category", "pk": 1, "fields": {"name": "ENTRADAS", "description": "ENTRADAS", "subsidiary": 1, "status": true}}, {"model": "dishes.category", "pk": 2, "fields": {"name": "CEVICHES", "description": null, "subsidiary": 1, "status": true}}, {"model": "dishes.category", "pk": 3, "fields": {"name": "TIRADITOS", "description": null, "subsidiary": 1, "status": true}}, {"model": "dishes.category", "pk": 4, "fields": {"name": "LENGUADOS", "description": null, "subsidiary": 1, "status": true}}, {"model": "dishes.category", "pk": 6, "fields": {"name": "CHITAS", "description": null, "subsidiary": 1, "status": true}}, {"model": "dishes.category", "pk": 7, "fields": {"name": "CORVINAS", "description": null, "subsidiary": 1, "status": true}}, {"model": "dishes.category", "pk": 8, "fields": {"name": "TRUCHAS", "description": null, "subsidiary": 1, "status": true}}, {"model": "dishes.category", "pk": 9, "fields": {"name": "SUDADOS", "description": null, "subsidiary": 1, "status": true}}, {"model": "dishes.category", "pk": 10, "fields": {"name": "ARROCES", "description": null, "subsidiary": 1, "status": true}}, {"model": "dishes.category", "pk": 11, "fields": {"name": "FILETES DE PESCADO Y DROGAS", "description": null, "subsidiary": 1, "status": true}}, {"model": "dishes.category", "pk": 12, "fields": {"name": "FUENTES FAMILIARES", "description": null, "subsidiary": 1, "status": true}}, {"model": "dishes.category", "pk": 13, "fields": {"name": "CHICHARRONES", "description": null, "subsidiary": 1, "status": true}}, {"model": "dishes.category", "pk": 14, "fields": {"name": "ESPECIALES", "description": null, "subsidiary": 1, "status": true}}, {"model": "dishes.category", "pk": 15, "fields": {"name": "POLLOS", "description": null, "subsidiary": 1, "status": true}}, {"model": "dishes.category", "pk": 16, "fields": {"name": "GUARNICIONES", "description": null, "subsidiary": 1, "status": true}}, {"model": "dishes.category", "pk": 17, "fields": {"name": "BEBIDAS", "description": null, "subsidiary": 1, "status": true}}, {"model": "dishes.category", "pk": 18, "fields": {"name": "CRIOLLOS", "description": null, "subsidiary": 1, "status": true}}, {"model": "dishes.category", "pk": 19, "fields": {"name": "OTROS", "description": null, "subsidiary": 1, "status": true}}, {"model": "dishes.category", "pk": 20, "fields": {"name": "TRABAJADORES", "description": null, "subsidiary": 1, "status": true}}, {"model": "dishes.category", "pk": 21, "fields": {"name": "BOLSA Y TAPER", "description": "BOLSA Y TAPER", "subsidiary": 1, "status": true}}, {"model": "dishes.category", "pk": 22, "fields": {"name": "CORVINILLA", "description": null, "subsidiary": 1, "status": true}}, {"model": "dishes.subcategory", "pk": 1, "fields": {"name": "ENTRADAS", "description": null, "category": 1, "status": true}}, {"model": "dishes.subcategory", "pk": 2, "fields": {"name": "JERECHOPS", "description": null, "category": 2, "status": true}}, {"model": "dishes.subcategory", "pk": 3, "fields": {"name": "CEVICHES", "description": null, "category": 2, "status": true}}, {"model": "dishes.subcategory", "pk": 4, "fields": {"name": "TIRADITOS", "description": null, "category": 3, "status": true}}, {"model": "dishes.subcategory", "pk": 5, "fields": {"name": "LENGUADOS", "description": null, "category": 4, "status": true}}, {"model": "dishes.subcategory", "pk": 6, "fields": {"name": "CHITAS", "description": null, "category": 6, "status": true}}, {"model": "dishes.subcategory", "pk": 7, "fields": {"name": "CORVINAS", "description": null, "category": 7, "status": true}}, {"model": "dishes.subcategory", "pk": 8, "fields": {"name": "TRUCHAS", "description": null, "category": 8, "status": true}}, {"model": "dishes.subcategory", "pk": 9, "fields": {"name": "SUDADOS", "description": null, "category": 9, "status": true}}, {"model": "dishes.subcategory", "pk": 10, "fields": {"name": "ARROCES", "description": null, "category": 10, "status": true}}, {"model": "dishes.subcategory", "pk": 11, "fields": {"name": "FILETES DE PESCADO", "description": null, "category": 11, "status": true}}, {"model": "dishes.subcategory", "pk": 12, "fields": {"name": "FUENTES FAMILIARES", "description": null, "category": 12, "status": true}}, {"model": "dishes.subcategory", "pk": 13, "fields": {"name": "CHICHARRONES", "description": null, "category": 13, "status": true}}, {"model": "dishes.subcategory", "pk": 14, "fields": {"name": "ESPECIALES", "description": null, "category": 14, "status": true}}, {"model": "dishes.subcategory", "pk": 15, "fields": {"name": "POLLOS", "description": null, "category": 15, "status": true}}, {"model": "dishes.subcategory", "pk": 16, "fields": {"name": "GUARNICIONES", "description": null, "category": 16, "status": true}}, {"model": "dishes.subcategory", "pk": 17, "fields": {"name": "VINOS", "description": null, "category": 17, "status": true}}, {"model": "dishes.subcategory", "pk": 18, "fields": {"name": "PISCO MIDOLO", "description": null, "category": 17, "status": true}}, {"model": "dishes.subcategory", "pk": 19, "fields": {"name": "CERVEZAS", "description": null, "category": 17, "status": true}}, {"model": "dishes.subcategory", "pk": 20, "fields": {"name": "INFUSIONES", "description": null, "category": 17, "status": true}}, {"model": "dishes.subcategory", "pk": 21, "fields": {"name": "BEBIDAS", "description": null, "category": 17, "status": true}}, {"model": "dishes.subcategory", "pk": 22, "fields": {"name": "PROMOCIONES", "description": null, "category": 17, "status": true}}, {"model": "dishes.subcategory", "pk": 23, "fields": {"name": "LIMONADAS", "description": null, "category": 17, "status": true}}, {"model": "dishes.subcategory", "pk": 24, "fields": {"name": "COCTELES", "description": null, "category": 17, "status": true}}, {"model": "dishes.subcategory", "pk": 25, "fields": {"name": "BAJATIVOS", "description": null, "category": 17, "status": true}}, {"model": "dishes.subcategory", "pk": 26, "fields": {"name": "CRIOLLOS", "description": null, "category": 18, "status": true}}, {"model": "dishes.subcategory", "pk": 27, "fields": {"name": "OTROS", "description": null, "category": 19, "status": true}}, {"model": "dishes.subcategory", "pk": 28, "fields": {"name": "TRABAJADORES", "description": null, "category": 20, "status": true}}, {"model": "dishes.subcategory", "pk": 29, "fields": {"name": "BOLSA Y TAPER", "description": "TAPER LITRO", "category": 21, "status": true}}, {"model": "dishes.subcategory", "pk": 30, "fields": {"name": "CORVINILLA", "description": null, "category": 22, "status": true}}, {"model": "dishes.dish", "pk": 1, "fields": {"name": "LECHE DE TIGRE", "image": "pic_folder/Leche-de-Tigre.jpeg", "price": "10.00", "subcategory": 1, "quantity": 20, "status": true}}, {"model": "dishes.dish", "pk": 2, "fields": {"name": "CAUSA MARINA", "image": "pic_folder/causa-de-langostinos.jpg", "price": "16.00", "subcategory": 1, "quantity": 10, "status": true}}, {"model": "dishes.dish", "pk": 3, "fields": {"name": "CAUSA DE PULPO", "image": "pic_folder/causa_pulpo.jpg", "price": "16.00", "subcategory": 1, "quantity": 100, "status": true}}, {"model": "dishes.dish", "pk": 4, "fields": {"name": "CAUSA MISTIANA", "image": "pic_folder/causa_mistiana.jpg", "price": "20.00", "subcategory": 1, "quantity": 20, "status": true}}, {"model": "dishes.dish", "pk": 5, "fields": {"name": "YUQUITAS FRITAS", "image": "pic_folder/yuquitas_fritas.jpg", "price": "6.00", "subcategory": 1, "quantity": 100, "status": true}}, {"model": "dishes.dish", "pk": 6, "fields": {"name": "TEQUE\u00d1OS", "image": "pic_folder/teque\u00f1os_700x467.jpg", "price": "10.00", "subcategory": 1, "quantity": 100, "status": true}}, {"model": "dishes.dish", "pk": 7, "fields": {"name": "TEQUE\u00d1OS A LO MACHO", "image": "pic_folder/tequenos-a-lo-macho.jpg", "price": "10.00", "subcategory": 1, "quantity": 200, "status": true}}, {"model": "dishes.dish", "pk": 8, "fields": {"name": "CHALAQUITAS", "image": "pic_folder/chalaquitas.jpg", "price": "15.00", "subcategory": 1, "quantity": 200, "status": true}}, {"model": "dishes.dish", "pk": 9, "fields": {"name": "JERECHOPS AJI", "image": "pic_folder/cevichop_aji2.png", "price": "15.00", "subcategory": 2, "quantity": 500, "status": true}}, {"model": "dishes.dish", "pk": 10, "fields": {"name": "JERECHOPS OLIVO", "image": "pic_folder/cevichop_olivo.jpg", "price": "15.00", "subcategory": 2, "quantity": 1000, "status": true}}, {"model": "dishes.dish", "pk": 11, "fields": {"name": "JERECHOPS ROCOTO", "image": "pic_folder/cevichop_rocoto.jpg", "price": "15.00", "subcategory": 2, "quantity": 9, "status": true}}, {"model": "dishes.dish", "pk": 12, "fields": {"name": "JERECHOPS CLASICO", "image": "pic_folder/cevichop_clasico.jpg", "price": "15.00", "subcategory": 2, "quantity": 90, "status": true}}, {"model": "dishes.dish", "pk": 13, "fields": {"name": "CEVICHE PUNTO JERE", "image": "pic_folder/ceviche-punto-azul.jpg", "price": "30.00", "subcategory": 3, "quantity": 200, "status": true}}, {"model": "dishes.dish", "pk": 14, "fields": {"name": "CEVICHE DE CORVINA", "image": "pic_folder/ceviche-de-corvina.jpg", "price": "37.00", "subcategory": 3, "quantity": 100, "status": true}}, {"model": "dishes.dish", "pk": 15, "fields": {"name": "CEVICHE DE LENGUADO", "image": "pic_folder/ceviche_lenguado.jpg", "price": "37.00", "subcategory": 3, "quantity": 200, "status": true}}, {"model": "dishes.dish", "pk": 16, "fields": {"name": "CEVICHE DE PESCADO", "image": "pic_folder/ceviche_pescado.jpg", "price": "25.00", "subcategory": 3, "quantity": 0, "status": true}}, {"model": "dishes.dish", "pk": 17, "fields": {"name": "CEVICHE DE MARISCOS", "image": "pic_folder/ceviche-de-marisco_700x465.jpg", "price": "26.00", "subcategory": 3, "quantity": 0, "status": true}}, {"model": "dishes.dish", "pk": 18, "fields": {"name": "CEVICHE MIXTO", "image": "pic_folder/ceviche_mixto.jpg", "price": "26.00", "subcategory": 3, "quantity": 0, "status": true}}, {"model": "dishes.dish", "pk": 19, "fields": {"name": "CEVICHE DE PESCADO EN CREMA DE ROCOTO", "image": "pic_folder/ceviche_pescado_en_crema_de_rocoto.jpg", "price": "28.00", "subcategory": 3, "quantity": 0, "status": true}}, {"model": "dishes.dish", "pk": 20, "fields": {"name": "CEVICHE DE PESCADO EN CREMA DE AJI", "image": "pic_folder/ceviche-con-crema-de-aji-amarillo-pa-bravo-yo-lince-cevicheria-4.jpg", "price": "28.00", "subcategory": 3, "quantity": 0, "status": true}}, {"model": "dishes.dish", "pk": 21, "fields": {"name": "CEVICHE DE PESCADO EN CREMA DE OLIVO", "image": "pic_folder/Cebiche-pescado_en_crema_de_olivojpeg.jpeg", "price": "28.00", "subcategory": 3, "quantity": 0, "status": true}}, {"model": "dishes.dish", "pk": 22, "fields": {"name": "CEVICHE MIXTO EN CREMA DE ROCOTO", "image": "pic_folder/ceviche_mixto_en_crema_de_rocoto.jpg", "price": "28.00", "subcategory": 3, "quantity": 0, "status": true}}, {"model": "dishes.dish", "pk": 23, "fields": {"name": "CEVICHE MIXTO EN CREMA DE AJI", "image": "pic_folder/ceviche_mixto_en_crema_de_aji.jpg", "price": "28.00", "subcategory": 3, "quantity": 28, "status": true}}, {"model": "dishes.dish", "pk": 24, "fields": {"name": "CEVICHE MIXTO EN CREMA DE OLIVO", "image": "pic_folder/None/no-img.jpg", "price": "28.00", "subcategory": 3, "quantity": 0, "status": true}}, {"model": "dishes.dish", "pk": 25, "fields": {"name": "TIRADITO TRICOLOR", "image": "pic_folder/tiradito_tricolor.jpg", "price": "28.00", "subcategory": 4, "quantity": 0, "status": true}}, {"model": "dishes.dish", "pk": 26, "fields": {"name": "TIRADITO DE ROCOTO", "image": "pic_folder/TIRADITO_DE_ROCOTO.jpg", "price": "23.00", "subcategory": 4, "quantity": 0, "status": true}}, {"model": "dishes.dish", "pk": 27, "fields": {"name": "TIRADITO DE AJI", "image": "pic_folder/TIRADITO_DE_AJI.jpg", "price": "22.00", "subcategory": 4, "quantity": 0, "status": true}}, {"model": "dishes.dish", "pk": 28, "fields": {"name": "TIRADITO EXTRA VIRGEN", "image": "pic_folder/TIRADITO-EXTRA-VIRGEN.jpg", "price": "22.00", "subcategory": 4, "quantity": 0, "status": true}}, {"model": "dishes.dish", "pk": 29, "fields": {"name": "TIRADITO DE PULTO", "image": "pic_folder/TIRADITO_DE_PULTO.jpg", "price": "23.00", "subcategory": 4, "quantity": 0, "status": true}}, {"model": "dishes.dish", "pk": 30, "fields": {"name": "LENGUADO FRITO", "image": "pic_folder/lenguado-frito-en-pa-bravo-yo-restaurante-cevicheria.jpg", "price": "37.00", "subcategory": 5, "quantity": 0, "status": true}}, {"model": "dishes.dish", "pk": 31, "fields": {"name": "LENGUADO EN SALSA DE AJO", "image": "pic_folder/None/no-img.jpg", "price": "38.00", "subcategory": 5, "quantity": 0, "status": true}}, {"model": "dishes.dish", "pk": 32, "fields": {"name": "LENGUADO AL AJILLO CROCANTE", "image": "pic_folder/None/no-img.jpg", "price": "38.00", "subcategory": 5, "quantity": 0, "status": true}}, {"model": "dishes.dish", "pk": 33, "fields": {"name": "LENGUADO A LO MACHO", "image": "pic_folder/None/no-img.jpg", "price": "38.00", "subcategory": 5, "quantity": 0, "status": true}}, {"model": "dishes.dish", "pk": 34, "fields": {"name": "LENGUADO EN SALSA DE MARISCOS", "image": "pic_folder/None/no-img.jpg", "price": "38.00", "subcategory": 5, "quantity": 0, "status": true}}, {"model": "dishes.dish", "pk": 35, "fields": {"name": "LENGUADO EN SALSA DE CAMARON", "image": "pic_folder/None/no-img.jpg", "price": "40.00", "subcategory": 5, "quantity": 0, "status": true}}, {"model": "dishes.dish", "pk": 36, "fields": {"name": "LENGUADO EN SALSA DE CHAMPI\u00d1ONES", "image": "pic_folder/LENGUADO_EN_SALSA_DE_CHAMPI\u00d1ONES.jpg", "price": "38.00", "subcategory": 5, "quantity": 0, "status": true}}, {"model": "dishes.dish", "pk": 37, "fields": {"name": "LENGUADO A LA MENIER", "image": "pic_folder/lenguado-frito-en-pa-bravo-yo-restaurante-cevicheria_m0pw5VZ.jpg", "price": "38.00", "subcategory": 5, "quantity": 0, "status": true}}, {"model": "dishes.dish", "pk": 38, "fields": {"name": "CHITA FRITA", "image": "pic_folder/TIRADITO_DE_ROCOTO_AkLtYPo.jpg", "price": "36.00", "subcategory": 6, "quantity": 0, "status": true}}, {"model": "dishes.dish", "pk": 39, "fields": {"name": "CHITA EN SALSA DE AJO", "image": "pic_folder/tiradito_tricolor_FLXnwS4.jpg", "price": "37.00", "subcategory": 6, "quantity": 0, "status": true}}, {"model": "dishes.dish", "pk": 40, "fields": {"name": "CHITA AL AJILLO CROCANTE", "image": "pic_folder/61-imagen-1833443152018.jpg", "price": "37.00", "subcategory": 6, "quantity": 20, "status": true}}, {"model": "dishes.dish", "pk": 41, "fields": {"name": "CHITA A LO MACHO", "image": "pic_folder/CHITA_A_LO_MACHO.jpg", "price": "37.00", "subcategory": 6, "quantity": 0, "status": true}}, {"model": "dishes.dish", "pk": 42, "fields": {"name": "CHITA EN LA SALSA DE MARISCOS", "image": "pic_folder/CHITA_EN_LA_SALSA_DE_MARISCOS.jpg", "price": "37.00", "subcategory": 6, "quantity": 0, "status": true}}, {"model": "dishes.dish", "pk": 43, "fields": {"name": "CHITA EN LA SALSA DE CAMARON", "image": "pic_folder/None/no-img.jpg", "price": "40.00", "subcategory": 6, "quantity": 0, "status": true}}, {"model": "dishes.dish", "pk": 44, "fields": {"name": "CHITA A LA SALSA DE CHAMPI\u00d1ON", "image": "pic_folder/CHITA_A_LA_SALSA_DE_CHAMPI\u00d1ON.jpg", "price": "37.00", "subcategory": 6, "quantity": 0, "status": true}}, {"model": "dishes.dish", "pk": 45, "fields": {"name": "CHITA A LA MENIER", "image": "pic_folder/None/no-img.jpg", "price": "37.00", "subcategory": 6, "quantity": 0, "status": true}}, {"model": "dishes.dish", "pk": 46, "fields": {"name": "CORVINA FRITA", "image": "pic_folder/CORVINA_FRITA.jpg", "price": "37.00", "subcategory": 7, "quantity": 0, "status": true}}, {"model": "dishes.dish", "pk": 47, "fields": {"name": "CORVINA A LA PLANCHA", "image": "pic_folder/CORVINA_A_LA_PLANCHA.jpg", "price": "38.00", "subcategory": 7, "quantity": 0, "status": true}}]